repo_name,easy_file,hard_file
hvds/seq,divrep/rootmod.h,divrep/coul.c
hvds/seq,divrep/rootmod.h,divrep/rootmod.c
ETLCPP/etl,include/etl/bitset.h,include/etl/platform.h
ETLCPP/etl,include/etl/message_router.h,include/etl/platform.h
ETLCPP/etl,include/etl/message_bus.h,include/etl/platform.h
ETLCPP/etl,include/etl/algorithm.h,include/etl/platform.h
ETLCPP/etl,include/etl/algorithm.h,include/etl/unordered_set.h
ETLCPP/etl,include/etl/message_router.h,include/etl/unordered_set.h
ETLCPP/etl,include/etl/bitset.h,include/etl/unordered_set.h
ETLCPP/etl,include/etl/message_bus.h,include/etl/unordered_set.h
ETLCPP/etl,include/etl/bitset.h,include/etl/unordered_multimap.h
ETLCPP/etl,include/etl/message_router.h,include/etl/unordered_multimap.h
ETLCPP/etl,include/etl/algorithm.h,include/etl/unordered_multimap.h
ETLCPP/etl,include/etl/message_bus.h,include/etl/unordered_multimap.h
ETLCPP/etl,include/etl/algorithm.h,include/etl/unordered_multiset.h
ETLCPP/etl,include/etl/bitset.h,include/etl/unordered_multiset.h
ETLCPP/etl,include/etl/message_bus.h,include/etl/unordered_multiset.h
ETLCPP/etl,include/etl/message_router.h,include/etl/unordered_multiset.h
a2o/snoopy,src/datasource/ipaddr.c,src/util/utmp.c
gan74/Yave,editor/widgets/DebugWidgets.cpp,yave/ecs/Query.h
gan74/Yave,editor/widgets/DebugWidgets.cpp,editor/ImGuiPlatform.cpp
gan74/Yave,yave/components/ScriptWorldComponent.h,editor/widgets/ScriptPanel.cpp
gan74/Yave,yave/script/script.cpp,editor/widgets/ScriptPanel.cpp
gan74/Yave,yave/systems/ScriptSystem.h,editor/widgets/ScriptPanel.cpp
gan74/Yave,yave/script/script.h,editor/widgets/ScriptPanel.cpp
Try/Tempest,Engine/gapi/vulkan/vcommandbuffer.h,Engine/gapi/vulkan/vdevice.cpp
Try/Tempest,Engine/gapi/vulkan/vcommandbuffer.h,Engine/gapi/vulkan/vcommandbuffer.cpp
google/iree,runtime/src/iree/hal/drivers/cuda/stream_command_buffer.c,runtime/src/iree/modules/hal/inline/module.c
google/iree,compiler/src/iree/compiler/Dialect/HAL/IR/HALTypes.cpp,runtime/src/iree/modules/hal/inline/module.c
google/iree,runtime/src/iree/hal/command_buffer.h,runtime/src/iree/modules/hal/inline/module.c
google/iree,runtime/src/iree/modules/hal/types.c,runtime/src/iree/modules/hal/inline/module.c
google/iree,runtime/src/iree/hal/local/local_pipeline_layout.c,runtime/src/iree/modules/hal/inline/module.c
google/iree,runtime/src/iree/hal/drivers/cuda/executable_layout.c,runtime/src/iree/modules/hal/inline/module.c
google/iree,runtime/src/iree/hal/drivers/cuda/pipeline_layout.h,runtime/src/iree/modules/hal/inline/module.c
google/iree,runtime/src/iree/modules/hal/types.h,runtime/src/iree/modules/hal/inline/module.c
google/iree,runtime/src/iree/hal/drivers/vulkan/native_pipeline_layout.h,runtime/src/iree/modules/hal/inline/module.c
google/iree,runtime/src/iree/hal/local/local_pipeline_layout.h,runtime/src/iree/modules/hal/inline/module.c
google/iree,runtime/src/iree/hal/pipeline_layout.c,runtime/src/iree/modules/hal/inline/module.c
google/iree,runtime/src/iree/hal/drivers/vulkan/native_executable_layout.h,runtime/src/iree/modules/hal/inline/module.c
google/iree,experimental/rocm/pipeline_layout.h,runtime/src/iree/modules/hal/inline/module.c
google/iree,runtime/src/iree/tooling/context_util.c,runtime/src/iree/modules/hal/inline/module.c
google/iree,runtime/src/iree/hal/drivers/vulkan/direct_command_buffer.cc,runtime/src/iree/modules/hal/inline/module.c
google/iree,runtime/src/iree/hal/drivers/vulkan/native_executable_layout.cc,runtime/src/iree/modules/hal/inline/module.c
google/iree,runtime/src/iree/hal/drivers/cuda/pipeline_layout.c,runtime/src/iree/modules/hal/inline/module.c
google/iree,runtime/src/iree/hal/drivers/cuda/executable_layout.h,runtime/src/iree/modules/hal/inline/module.c
google/iree,runtime/src/iree/hal/drivers/cuda/graph_command_buffer.c,runtime/src/iree/modules/hal/inline/module.c
google/iree,runtime/src/iree/hal/pipeline_layout.h,runtime/src/iree/modules/hal/inline/module.c
google/iree,experimental/rocm/pipeline_layout.c,runtime/src/iree/modules/hal/inline/module.c
google/iree,compiler/src/iree/compiler/Dialect/HAL/Conversion/StreamToHAL/ConvertStreamToHAL.cpp,runtime/src/iree/modules/hal/inline/module.c
google/iree,runtime/src/iree/hal/drivers/vulkan/descriptor_set_arena.cc,runtime/src/iree/modules/hal/inline/module.c
google/iree,runtime/src/iree/task/executor.c,runtime/src/iree/hal/local/loaders/vmvx_module_loader.c
google/iree,runtime/src/iree/hal/utils/deferred_command_buffer.c,runtime/src/iree/hal/local/loaders/vmvx_module_loader.c
google/iree,runtime/src/iree/vm/shims.h,runtime/src/iree/hal/local/loaders/vmvx_module_loader.c
google/iree,runtime/src/iree/hal/executable_layout.c,runtime/src/iree/hal/local/loaders/vmvx_module_loader.c
google/iree,runtime/src/iree/hal/command_buffer_validation.c,runtime/src/iree/hal/local/loaders/vmvx_module_loader.c
google/iree,runtime/src/iree/hal/local/local_executable_layout.c,runtime/src/iree/hal/local/loaders/vmvx_module_loader.c
google/iree,runtime/src/iree/hal/command_buffer.c,runtime/src/iree/hal/local/loaders/vmvx_module_loader.c
google/iree,compiler/src/iree/compiler/Dialect/HAL/Conversion/HALToVM/ConvertCommandBufferOps.cpp,runtime/src/iree/hal/local/loaders/vmvx_module_loader.c
google/iree,runtime/src/iree/hal/command_buffer_validation.h,runtime/src/iree/hal/local/loaders/vmvx_module_loader.c
google/iree,runtime/src/iree/vm/shims.c,runtime/src/iree/hal/local/loaders/vmvx_module_loader.c
google/iree,compiler/src/iree/compiler/Dialect/HAL/IR/HALOps.cpp,runtime/src/iree/hal/local/loaders/vmvx_module_loader.c
google/iree,runtime/src/iree/hal/local/local_executable_layout.h,runtime/src/iree/hal/local/loaders/vmvx_module_loader.c
google/iree,runtime/src/iree/hal/executable_layout.h,runtime/src/iree/hal/local/loaders/vmvx_module_loader.c
oracc/oracc,c/otf/cbd/cbd.c,c/otf/cbd/flex.c
oracc/oracc,c/otf/cbd/iterator.c,c/otf/cbd/flex.c
oracc/oracc,c/otf/cbd/rnvval.c,c/otf/cbd/flex.c
oracc/oracc,c/otf/cbd/grammar.h,c/otf/cbd/flex.c
oracc/oracc,c/otf/cbd/iterator.h,c/otf/cbd/flex.c
oracc/oracc,c/otf/cbd/iterator.c,c/otf/cbd/rnvtgi.c
oracc/oracc,c/otf/cbd/grammar.h,c/otf/cbd/rnvtgi.c
oracc/oracc,c/otf/cbd/iterator.h,c/otf/cbd/rnvtgi.c
oracc/oracc,c/otf/cbd/cbd.c,c/otf/cbd/rnvtgi.c
oracc/oracc,c/otf/cbd/rnvval.c,c/otf/cbd/rnvtgi.c
oracc/oracc,c/otf/cbd/iterator.h,c/otf/cbd/msglist.c
oracc/oracc,c/otf/cbd/iterator.c,c/otf/cbd/msglist.c
oracc/oracc,c/otf/cbd/grammar.h,c/otf/cbd/msglist.c
oracc/oracc,c/otf/cbd/rnvval.c,c/otf/cbd/msglist.c
oracc/oracc,c/otf/cbd/cbd.c,c/otf/cbd/msglist.c
oracc/oracc,c/otf/cbd/cbd.c,c/otf/cbd/validate.c
oracc/oracc,c/otf/cbd/rnvval.c,c/otf/cbd/validate.c
oracc/oracc,c/otf/cbd/grammar.h,c/otf/cbd/validate.c
oracc/oracc,c/otf/cbd/iterator.h,c/otf/cbd/validate.c
oracc/oracc,c/otf/cbd/iterator.c,c/otf/cbd/validate.c
FeMTTU/femus,src/03_equations/NonLinearImplicitSystemWithPrimalDualActiveSetMethod.cpp,applications/OptimalControl/03_nsopt/01_opt_bdry_ctrl/01_opt_bdry_ctrl.cpp
FeMTTU/femus,applications/OptimalControl/01_boundary_control_inequality/00_dirichlet/02_dirichlet_lifting_external/02_dirichlet_lifting_external.cpp,applications/OptimalControl/03_nsopt/01_opt_bdry_ctrl/01_opt_bdry_ctrl.cpp
FeMTTU/femus,src/03_equations/NonLinearImplicitSystemWithPrimalDualActiveSetMethod.hpp,applications/OptimalControl/03_nsopt/01_opt_bdry_ctrl/01_opt_bdry_ctrl.cpp
lianqiw/maos,maos/powfs.c,maos/parms.c
lianqiw/maos,maos/wfsgrad.c,maos/sim_utils.c
lianqiw/maos,maos/wfsgrad.c,maos/recon_utils.c
PowerDNS/pdns,pdns/lwres.hh,pdns/syncres.hh
igraph/igraph,src/graph/type_indexededgelist.c,src/random/random.c
igraph/igraph,src/misc/conversion.c,src/random/random.c
igraph/igraph,src/misc/conversion.c,src/community/fast_modularity.c
igraph/igraph,src/graph/type_indexededgelist.c,src/community/fast_modularity.c
inviwo/inviwo,src/core/util/logcentral.cpp,include/inviwo/core/util/fileextension.h
inviwo/inviwo,include/inviwo/core/network/processornetwork.h,include/inviwo/core/util/fileextension.h
inviwo/inviwo,include/inviwo/core/properties/propertyvisibility.h,include/inviwo/core/util/fileextension.h
inviwo/inviwo,include/inviwo/core/properties/invalidationlevel.h,include/inviwo/core/util/fileextension.h
inviwo/inviwo,include/inviwo/core/processors/processorstate.h,include/inviwo/core/util/fileextension.h
inviwo/inviwo,include/inviwo/core/properties/propertysemantics.h,include/inviwo/core/util/fileextension.h
inviwo/inviwo,include/inviwo/qt/editor/networkeditor.h,include/inviwo/core/util/fileextension.h
inviwo/inviwo,src/core/properties/constraintbehavior.cpp,include/inviwo/core/network/lambdanetworkvisitor.h
inviwo/inviwo,include/inviwo/core/properties/constraintbehavior.h,include/inviwo/core/network/lambdanetworkvisitor.h
inviwo/inviwo,modules/python3/bindings/src/pyproperties.cpp,modules/opengl/include/modules/opengl/shader/shader.h
inviwo/inviwo,modules/base/src/algorithm/image/imagecontour.cpp,modules/opengl/include/modules/opengl/shader/shader.h
inviwo/inviwo,src/core/datastructures/coordinatetransformer.cpp,modules/opengl/include/modules/opengl/shader/shader.h
inviwo/inviwo,modules/qtwidgets/src/properties/propertywidgetqt.cpp,modules/opengl/include/modules/opengl/shader/shader.h
inviwo/inviwo,modules/base/src/processors/distancetransformram.cpp,modules/opengl/include/modules/opengl/shader/shader.h
inviwo/inviwo,modules/dataframe/src/datastructures/column.cpp,modules/dataframe/include/inviwo/dataframe/datastructures/column.h
schoebel/mars,kernel/mars_server.c,kernel/mars_net.c
MariaDB/server,sql/opt_range.h,sql/handler.h
MariaDB/server,sql/sql_delete.cc,sql/handler.h
MariaDB/server,sql/item_func.h,sql/handler.h
MariaDB/server,sql/lock.cc,sql/handler.h
OPM/ResInsight,ApplicationLibCode/ProjectDataModel/Flow/RimWellPltPlot.cpp,ApplicationLibCode/Application/RiaApplication.cpp
OPM/ResInsight,ApplicationLibCode/Commands/WellLogCommands/RicNewWellLogPlotFeatureImpl.cpp,ApplicationLibCode/Application/RiaApplication.cpp
OPM/ResInsight,ApplicationLibCode/Commands/WellLogCommands/RicNewWellLogPlotFeatureImpl.cpp,ApplicationLibCode/UserInterface/RiuMultiPlotPage.h
OPM/ResInsight,ApplicationLibCode/ProjectDataModel/Flow/RimWellPltPlot.cpp,ApplicationLibCode/UserInterface/RiuMultiPlotPage.h
OPM/ResInsight,ApplicationLibCode/Commands/WellLogCommands/RicNewWellLogPlotFeatureImpl.cpp,ApplicationLibCode/Commands/SummaryPlotCommands/RicEditSummaryPlotFeature.cpp
OPM/ResInsight,ApplicationLibCode/ProjectDataModel/Flow/RimWellPltPlot.cpp,ApplicationLibCode/Commands/SummaryPlotCommands/RicEditSummaryPlotFeature.cpp
aladur/flexemu,src/dsktool.cpp,src/qtgui.cpp
ipfire/pakfire,src/libpakfire/include/pakfire/pakfire.h,src/libpakfire/key.c
ipfire/pakfire,src/libpakfire/include/pakfire/build.h,src/libpakfire/config.c
ipfire/pakfire,src/libpakfire/compress.c,src/libpakfire/config.c
ipfire/pakfire,src/libpakfire/include/pakfire/compress.h,src/libpakfire/config.c
ipfire/pakfire,src/libpakfire/pwd.c,src/libpakfire/config.c
ipfire/pakfire,src/libpakfire/include/pakfire/build.h,src/libpakfire/progressbar.c
ipfire/pakfire,src/libpakfire/compress.c,src/libpakfire/progressbar.c
ipfire/pakfire,src/libpakfire/include/pakfire/compress.h,src/libpakfire/progressbar.c
ipfire/pakfire,src/libpakfire/pwd.c,src/libpakfire/progressbar.c
ChibiOS/ChibiOS,os/hal/lib/complex/buffered_sio/hal_buffered_sio.c,os/hal/ports/sandbox/hal_sio_lld.c
ChibiOS/ChibiOS,os/sb/host/sbvrq.h,os/hal/ports/sandbox/hal_sio_lld.c
ChibiOS/ChibiOS,os/sb/vio/sbvio_uart.h,os/hal/ports/sandbox/hal_sio_lld.c
ChibiOS/ChibiOS,os/sb/common/sbsysc.h,os/hal/ports/RP/LLD/UARTv1/hal_sio_lld.c
awsteiner/o2scl,src/hdf/acolm_gi.cpp,src/hdf/acolm_ps.cpp
awsteiner/o2scl,src/base/misc.h,src/other/prob_dens_func.h
awsteiner/o2scl,src/base/cli.h,src/other/prob_dens_func.h
awsteiner/o2scl,src/base/cli.cpp,src/other/prob_dens_func.h
bjornbytes/lovr,src/modules/data/modelData_obj.c,src/api/api.h
bjornbytes/lovr,src/modules/data/modelData_gltf.c,src/api/api.h
bjornbytes/lovr,src/api/l_graphics_model.c,src/core/gpu_vk.c
bjornbytes/lovr,src/api/l_data_modelData.c,src/core/gpu_vk.c
bjornbytes/lovr,src/modules/data/modelData_obj.c,src/api/l_headset.c
bjornbytes/lovr,src/modules/data/modelData_gltf.c,src/api/l_headset.c
bjornbytes/lovr,src/modules/data/modelData_gltf.c,src/api/l_graphics.c
bjornbytes/lovr,src/modules/data/modelData_obj.c,src/api/l_graphics.c
bjornbytes/lovr,src/api/l_graphics_model.c,src/modules/headset/headset_openxr.c
bjornbytes/lovr,src/api/l_data_modelData.c,src/modules/headset/headset_openxr.c
bjornbytes/lovr,src/api/l_data_modelData.c,src/modules/headset/headset_desktop.c
bjornbytes/lovr,src/api/l_graphics_model.c,src/modules/headset/headset_desktop.c
freeciv/freeciv,client/gui-gtk-4.0/repodlgs.c,client/gui-gtk-4.0/gui_main.c
google/filament,filament/src/MaterialParser.cpp,filament/backend/src/Program.cpp
google/filament,libs/filamat/src/shaders/CodeGenerator.h,libs/filamat/src/MaterialBuilder.cpp
google/filament,libs/filamat/src/shaders/CodeGenerator.h,libs/filamat/src/shaders/ShaderGenerator.cpp
google/filament,filament/src/MaterialParser.cpp,filament/backend/include/private/backend/Program.h
libMesh/libmesh,include/solvers/petsc_linear_solver.h,src/mesh/mesh_triangle_holes.C
libMesh/libmesh,include/solvers/petsc_linear_solver.h,src/systems/equation_systems.C
acanas/swad-core,swad_survey.c,swad_institution.c
acanas/swad-core,swad_attendance.c,swad_institution.c
acanas/swad-core,swad_attendance.h,swad_institution.c
acanas/swad-core,swad_action.h,swad_institution.c
acanas/swad-core,swad_assignment.c,swad_institution.c
acanas/swad-core,swad_database.c,swad_institution.c
acanas/swad-core,swad_exam.c,swad_institution.c
acanas/swad-core,swad_forum.c,swad_institution.c
acanas/swad-core,swad_action.c,swad_institution.c
lhmouse/poseidon,src/socket/listen_socket.hpp,src/fwd.hpp
lhmouse/poseidon,src/socket/udp_socket.hpp,src/fwd.hpp
lhmouse/poseidon,addon/example_ssl_echo.cpp,src/fwd.hpp
Andrettin/Wyrmgus,src/upgrade/upgrade.cpp,src/map/map_template.cpp
Andrettin/Wyrmgus,src/unit/unit_type.h,src/script/condition/or_condition.h
Andrettin/Wyrmgus,src/script/effect/effect.cpp,src/script/condition/or_condition.h
Andrettin/Wyrmgus,src/unit/script_unit_type.cpp,src/script/condition/or_condition.h
Andrettin/Wyrmgus,src/stratagus/dialogue_option.h,src/script/condition/or_condition.h
Andrettin/Wyrmgus,src/map/site_game_data.h,src/script/condition/or_condition.h
Andrettin/Wyrmgus,src/stratagus/dialogue_node.h,src/script/condition/or_condition.h
Andrettin/Wyrmgus,src/unit/unit.h,src/script/condition/or_condition.h
Andrettin/Wyrmgus,src/ui/button.cpp,src/script/condition/or_condition.h
Andrettin/Wyrmgus,src/map/site_game_data.cpp,src/script/condition/or_condition.h
Andrettin/Wyrmgus,src/stratagus/dialogue_node.cpp,src/script/condition/or_condition.h
Andrettin/Wyrmgus,src/script/trigger.h,src/script/condition/or_condition.h
Andrettin/Wyrmgus,src/quest/quest.cpp,src/script/condition/or_condition.h
Andrettin/Wyrmgus,src/ui/button.cpp,src/script/condition/and_condition.h
Andrettin/Wyrmgus,src/map/site_game_data.cpp,src/script/condition/and_condition.h
Andrettin/Wyrmgus,src/unit/unit.h,src/script/condition/and_condition.h
Andrettin/Wyrmgus,src/stratagus/dialogue_node.h,src/script/condition/and_condition.h
Andrettin/Wyrmgus,src/script/effect/effect.cpp,src/script/condition/and_condition.h
Andrettin/Wyrmgus,src/stratagus/dialogue_option.h,src/script/condition/and_condition.h
Andrettin/Wyrmgus,src/unit/unit_type.h,src/script/condition/and_condition.h
Andrettin/Wyrmgus,src/quest/quest.cpp,src/script/condition/and_condition.h
Andrettin/Wyrmgus,src/map/site_game_data.h,src/script/condition/and_condition.h
Andrettin/Wyrmgus,src/unit/script_unit_type.cpp,src/script/condition/and_condition.h
Andrettin/Wyrmgus,src/script/trigger.h,src/script/condition/and_condition.h
Andrettin/Wyrmgus,src/stratagus/dialogue_node.cpp,src/script/condition/and_condition.h
Andrettin/Wyrmgus,src/unit/unit_type.h,src/script/condition/not_condition.h
Andrettin/Wyrmgus,src/unit/unit.h,src/script/condition/not_condition.h
Andrettin/Wyrmgus,src/stratagus/dialogue_option.h,src/script/condition/not_condition.h
Andrettin/Wyrmgus,src/script/effect/effect.cpp,src/script/condition/not_condition.h
Andrettin/Wyrmgus,src/stratagus/dialogue_node.h,src/script/condition/not_condition.h
Andrettin/Wyrmgus,src/map/site_game_data.cpp,src/script/condition/not_condition.h
Andrettin/Wyrmgus,src/ui/button.cpp,src/script/condition/not_condition.h
Andrettin/Wyrmgus,src/stratagus/dialogue_node.cpp,src/script/condition/not_condition.h
Andrettin/Wyrmgus,src/script/trigger.h,src/script/condition/not_condition.h
Andrettin/Wyrmgus,src/quest/quest.cpp,src/script/condition/not_condition.h
Andrettin/Wyrmgus,src/unit/script_unit_type.cpp,src/script/condition/not_condition.h
Andrettin/Wyrmgus,src/map/site_game_data.h,src/script/condition/not_condition.h
CM4all/beng-proxy,src/istream/Invoke.cxx,src/fs/Lease.cxx
CM4all/beng-proxy,src/istream/OptionalIstream.cxx,src/fs/Lease.cxx
CM4all/beng-proxy,src/fs/NopSocketFilter.hxx,src/fs/Lease.cxx
CM4all/beng-proxy,src/istream/ConcatIstream.cxx,src/fs/Lease.cxx
CM4all/beng-proxy,src/fs/NopSocketFilter.cxx,src/fs/Lease.cxx
CM4all/beng-proxy,src/istream/FileIstream.cxx,src/fs/Lease.cxx
CM4all/beng-proxy,src/istream/FourIstream.cxx,src/fs/Lease.cxx
CM4all/beng-proxy,src/fs/SocketFilter.hxx,src/fs/Lease.cxx
CM4all/beng-proxy,src/istream/HeadIstream.cxx,src/fs/Lease.cxx
CM4all/beng-proxy,src/fs/ThreadSocketFilter.hxx,src/fs/Lease.cxx
LibrePCB/LibrePCB,libs/librepcb/core/project/board/boardgerberexport.cpp,libs/librepcb/editor/project/projecteditor.cpp
LibrePCB/LibrePCB,libs/librepcb/editor/library/pkg/fsm/packageeditorstate_drawpolygonbase.h,libs/librepcb/editor/project/projecteditor.cpp
LibrePCB/LibrePCB,libs/librepcb/editor/workspace/controlpanel/controlpanel.cpp,libs/librepcb/editor/project/projecteditor.cpp
LibrePCB/LibrePCB,libs/librepcb/editor/library/libraryeditor.cpp,libs/librepcb/editor/project/projecteditor.cpp
LibrePCB/LibrePCB,libs/librepcb/editor/library/sym/fsm/symboleditorstate_drawpolygonbase.h,libs/librepcb/editor/project/projecteditor.cpp
LibrePCB/LibrePCB,libs/librepcb/editor/library/libraryeditor.cpp,libs/librepcb/editor/library/sym/symboleditorwidget.cpp
LibrePCB/LibrePCB,libs/librepcb/core/project/board/boardgerberexport.cpp,libs/librepcb/editor/library/sym/symboleditorwidget.cpp
LibrePCB/LibrePCB,libs/librepcb/editor/workspace/controlpanel/controlpanel.cpp,libs/librepcb/editor/library/sym/symboleditorwidget.cpp
LibrePCB/LibrePCB,libs/librepcb/editor/library/pkg/fsm/packageeditorstate_drawpolygonbase.h,libs/librepcb/editor/library/sym/symboleditorwidget.cpp
LibrePCB/LibrePCB,libs/librepcb/editor/library/sym/fsm/symboleditorstate_drawpolygonbase.h,libs/librepcb/editor/library/sym/symboleditorwidget.cpp
LibrePCB/LibrePCB,libs/librepcb/core/project/board/boardgerberexport.cpp,libs/librepcb/editor/library/pkg/packageeditorwidget.cpp
LibrePCB/LibrePCB,libs/librepcb/editor/library/sym/fsm/symboleditorstate_drawpolygonbase.h,libs/librepcb/editor/library/pkg/packageeditorwidget.cpp
LibrePCB/LibrePCB,libs/librepcb/editor/library/libraryeditor.cpp,libs/librepcb/editor/library/pkg/packageeditorwidget.cpp
LibrePCB/LibrePCB,libs/librepcb/editor/library/pkg/fsm/packageeditorstate_drawpolygonbase.h,libs/librepcb/editor/library/pkg/packageeditorwidget.cpp
LibrePCB/LibrePCB,libs/librepcb/editor/workspace/controlpanel/controlpanel.cpp,libs/librepcb/editor/library/pkg/packageeditorwidget.cpp
LibrePCB/LibrePCB,libs/librepcb/editor/library/pkg/fsm/packageeditorstate_drawpolygonbase.h,libs/librepcb/core/project/board/graphicsitems/bgi_plane.cpp
LibrePCB/LibrePCB,libs/librepcb/editor/workspace/controlpanel/controlpanel.cpp,libs/librepcb/core/project/board/graphicsitems/bgi_plane.cpp
LibrePCB/LibrePCB,libs/librepcb/editor/library/libraryeditor.cpp,libs/librepcb/core/project/board/graphicsitems/bgi_plane.cpp
LibrePCB/LibrePCB,libs/librepcb/editor/library/sym/fsm/symboleditorstate_drawpolygonbase.h,libs/librepcb/core/project/board/graphicsitems/bgi_plane.cpp
LibrePCB/LibrePCB,libs/librepcb/core/project/board/boardgerberexport.cpp,libs/librepcb/core/project/board/graphicsitems/bgi_plane.cpp
LibrePCB/LibrePCB,libs/librepcb/core/project/board/boardgerberexport.cpp,libs/librepcb/editor/project/boardeditor/fsm/boardeditorstate.h
LibrePCB/LibrePCB,libs/librepcb/editor/library/libraryeditor.cpp,libs/librepcb/editor/project/boardeditor/fsm/boardeditorstate.h
LibrePCB/LibrePCB,libs/librepcb/editor/library/sym/fsm/symboleditorstate_drawpolygonbase.h,libs/librepcb/editor/project/boardeditor/fsm/boardeditorstate.h
LibrePCB/LibrePCB,libs/librepcb/editor/library/pkg/fsm/packageeditorstate_drawpolygonbase.h,libs/librepcb/editor/project/boardeditor/fsm/boardeditorstate.h
LibrePCB/LibrePCB,libs/librepcb/editor/workspace/controlpanel/controlpanel.cpp,libs/librepcb/editor/project/boardeditor/fsm/boardeditorstate.h
LibrePCB/LibrePCB,libs/librepcb/core/project/board/boardgerberexport.cpp,libs/librepcb/editor/library/sym/fsm/symboleditorstate_select.cpp
LibrePCB/LibrePCB,libs/librepcb/editor/library/sym/fsm/symboleditorstate_drawpolygonbase.h,libs/librepcb/editor/library/sym/fsm/symboleditorstate_select.cpp
LibrePCB/LibrePCB,libs/librepcb/editor/library/pkg/fsm/packageeditorstate_drawpolygonbase.h,libs/librepcb/editor/library/sym/fsm/symboleditorstate_select.cpp
LibrePCB/LibrePCB,libs/librepcb/editor/workspace/controlpanel/controlpanel.cpp,libs/librepcb/editor/library/sym/fsm/symboleditorstate_select.cpp
LibrePCB/LibrePCB,libs/librepcb/editor/library/libraryeditor.cpp,libs/librepcb/editor/library/sym/fsm/symboleditorstate_select.cpp
LibrePCB/LibrePCB,libs/librepcb/editor/library/libraryeditor.cpp,libs/librepcb/editor/library/pkg/fsm/packageeditorstate_select.cpp
LibrePCB/LibrePCB,libs/librepcb/core/project/board/boardgerberexport.cpp,libs/librepcb/editor/library/pkg/fsm/packageeditorstate_select.cpp
LibrePCB/LibrePCB,libs/librepcb/editor/library/pkg/fsm/packageeditorstate_drawpolygonbase.h,libs/librepcb/editor/library/pkg/fsm/packageeditorstate_select.cpp
LibrePCB/LibrePCB,libs/librepcb/editor/workspace/controlpanel/controlpanel.cpp,libs/librepcb/editor/library/pkg/fsm/packageeditorstate_select.cpp
LibrePCB/LibrePCB,libs/librepcb/editor/library/sym/fsm/symboleditorstate_drawpolygonbase.h,libs/librepcb/editor/library/pkg/fsm/packageeditorstate_select.cpp
LibrePCB/LibrePCB,libs/librepcb/editor/library/sym/fsm/symboleditorstate_drawpolygonbase.h,libs/librepcb/editor/project/schematiceditor/fsm/schematiceditorstate.h
LibrePCB/LibrePCB,libs/librepcb/editor/workspace/controlpanel/controlpanel.cpp,libs/librepcb/editor/project/schematiceditor/fsm/schematiceditorstate.h
LibrePCB/LibrePCB,libs/librepcb/editor/library/pkg/fsm/packageeditorstate_drawpolygonbase.h,libs/librepcb/editor/project/schematiceditor/fsm/schematiceditorstate.h
LibrePCB/LibrePCB,libs/librepcb/core/project/board/boardgerberexport.cpp,libs/librepcb/editor/project/schematiceditor/fsm/schematiceditorstate.h
LibrePCB/LibrePCB,libs/librepcb/editor/library/libraryeditor.cpp,libs/librepcb/editor/project/schematiceditor/fsm/schematiceditorstate.h
LibrePCB/LibrePCB,libs/librepcb/editor/workspace/controlpanel/controlpanel.cpp,libs/librepcb/editor/project/boardeditor/fsm/boardeditorstate_addvia.cpp
LibrePCB/LibrePCB,libs/librepcb/editor/library/pkg/fsm/packageeditorstate_drawpolygonbase.h,libs/librepcb/editor/project/boardeditor/fsm/boardeditorstate_addvia.cpp
LibrePCB/LibrePCB,libs/librepcb/editor/library/libraryeditor.cpp,libs/librepcb/editor/project/boardeditor/fsm/boardeditorstate_addvia.cpp
LibrePCB/LibrePCB,libs/librepcb/core/project/board/boardgerberexport.cpp,libs/librepcb/editor/project/boardeditor/fsm/boardeditorstate_addvia.cpp
LibrePCB/LibrePCB,libs/librepcb/editor/library/sym/fsm/symboleditorstate_drawpolygonbase.h,libs/librepcb/editor/project/boardeditor/fsm/boardeditorstate_addvia.cpp
LibrePCB/LibrePCB,libs/librepcb/editor/library/sym/fsm/symboleditorstate_drawpolygonbase.h,libs/librepcb/editor/project/boardeditor/fsm/boardeditorstate_select.cpp
LibrePCB/LibrePCB,libs/librepcb/editor/library/pkg/fsm/packageeditorstate_drawpolygonbase.h,libs/librepcb/editor/project/boardeditor/fsm/boardeditorstate_select.cpp
LibrePCB/LibrePCB,libs/librepcb/editor/workspace/controlpanel/controlpanel.cpp,libs/librepcb/editor/project/boardeditor/fsm/boardeditorstate_select.cpp
LibrePCB/LibrePCB,libs/librepcb/editor/library/libraryeditor.cpp,libs/librepcb/editor/project/boardeditor/fsm/boardeditorstate_select.cpp
LibrePCB/LibrePCB,libs/librepcb/core/project/board/boardgerberexport.cpp,libs/librepcb/editor/project/boardeditor/fsm/boardeditorstate_select.cpp
LibrePCB/LibrePCB,libs/librepcb/editor/library/pkg/fsm/packageeditorstate_drawpolygonbase.h,libs/librepcb/editor/project/boardeditor/fsm/boardeditorstate_drawplane.cpp
LibrePCB/LibrePCB,libs/librepcb/core/project/board/boardgerberexport.cpp,libs/librepcb/editor/project/boardeditor/fsm/boardeditorstate_drawplane.cpp
LibrePCB/LibrePCB,libs/librepcb/editor/library/sym/fsm/symboleditorstate_drawpolygonbase.h,libs/librepcb/editor/project/boardeditor/fsm/boardeditorstate_drawplane.cpp
LibrePCB/LibrePCB,libs/librepcb/editor/workspace/controlpanel/controlpanel.cpp,libs/librepcb/editor/project/boardeditor/fsm/boardeditorstate_drawplane.cpp
LibrePCB/LibrePCB,libs/librepcb/editor/library/libraryeditor.cpp,libs/librepcb/editor/project/boardeditor/fsm/boardeditorstate_drawplane.cpp
LibrePCB/LibrePCB,libs/librepcb/editor/library/pkg/fsm/packageeditorstate_drawpolygonbase.h,libs/librepcb/editor/project/boardeditor/fsm/boardeditorstate_drawtrace.cpp
LibrePCB/LibrePCB,libs/librepcb/core/project/board/boardgerberexport.cpp,libs/librepcb/editor/project/boardeditor/fsm/boardeditorstate_drawtrace.cpp
LibrePCB/LibrePCB,libs/librepcb/editor/library/libraryeditor.cpp,libs/librepcb/editor/project/boardeditor/fsm/boardeditorstate_drawtrace.cpp
LibrePCB/LibrePCB,libs/librepcb/editor/library/sym/fsm/symboleditorstate_drawpolygonbase.h,libs/librepcb/editor/project/boardeditor/fsm/boardeditorstate_drawtrace.cpp
LibrePCB/LibrePCB,libs/librepcb/editor/workspace/controlpanel/controlpanel.cpp,libs/librepcb/editor/project/boardeditor/fsm/boardeditorstate_drawtrace.cpp
LibrePCB/LibrePCB,libs/librepcb/editor/library/pkg/fsm/packageeditorstate_drawpolygonbase.h,libs/librepcb/editor/project/schematiceditor/fsm/schematiceditorstate_select.cpp
LibrePCB/LibrePCB,libs/librepcb/core/project/board/boardgerberexport.cpp,libs/librepcb/editor/project/schematiceditor/fsm/schematiceditorstate_select.cpp
LibrePCB/LibrePCB,libs/librepcb/editor/library/libraryeditor.cpp,libs/librepcb/editor/project/schematiceditor/fsm/schematiceditorstate_select.cpp
LibrePCB/LibrePCB,libs/librepcb/editor/workspace/controlpanel/controlpanel.cpp,libs/librepcb/editor/project/schematiceditor/fsm/schematiceditorstate_select.cpp
LibrePCB/LibrePCB,libs/librepcb/editor/library/sym/fsm/symboleditorstate_drawpolygonbase.h,libs/librepcb/editor/project/schematiceditor/fsm/schematiceditorstate_select.cpp
LibrePCB/LibrePCB,libs/librepcb/editor/workspace/controlpanel/controlpanel.cpp,libs/librepcb/editor/project/schematiceditor/fsm/schematiceditorstate_drawwire.cpp
LibrePCB/LibrePCB,libs/librepcb/editor/library/pkg/fsm/packageeditorstate_drawpolygonbase.h,libs/librepcb/editor/project/schematiceditor/fsm/schematiceditorstate_drawwire.cpp
LibrePCB/LibrePCB,libs/librepcb/editor/library/libraryeditor.cpp,libs/librepcb/editor/project/schematiceditor/fsm/schematiceditorstate_drawwire.cpp
LibrePCB/LibrePCB,libs/librepcb/editor/library/sym/fsm/symboleditorstate_drawpolygonbase.h,libs/librepcb/editor/project/schematiceditor/fsm/schematiceditorstate_drawwire.cpp
LibrePCB/LibrePCB,libs/librepcb/core/project/board/boardgerberexport.cpp,libs/librepcb/editor/project/schematiceditor/fsm/schematiceditorstate_drawwire.cpp
SAnsell/CombLayer,Model/ralBuild/BlockShutter.cxx,Model/ralBuild/TS2target.cxx
SAnsell/CombLayer,Model/ralBuild/TS2ModifyTarget.cxx,Model/ralBuild/TS2target.cxx
SAnsell/CombLayer,Model/t2Build/TS2FlatTarget.cxx,Model/ralBuild/collInsert.cxx
SAnsell/CombLayer,Model/t2Build/TS2FlatTarget.cxx,System/modelSupport/SimInput.cxx
SAnsell/CombLayer,Model/t2Build/TS2FlatTarget.cxx,System/modelSupport/LineTrack.cxx
Water-Melon/Melon,src/mln_tools.c,src/mln_event.c
Water-Melon/Melon,src/mln_tools.c,include/mln_event.h
equeim/tremotesf2,src/desktop/systemcolorsprovider_windows.cpp,src/tremotesf/startup/main.cpp
equeim/tremotesf2,src/desktop/systemcolorsprovider.h,src/tremotesf/startup/main.cpp
equeim/tremotesf2,src/tremotesf/ui/screens/mainwindow/mainwindow.cpp,src/tremotesf/startup/main.cpp
equeim/tremotesf2,src/main_windows.cpp,src/tremotesf/startup/main.cpp
equeim/tremotesf2,src/desktop/systemcolorsprovider.h,src/tremotesf/windowshelpers.h
equeim/tremotesf2,src/main_windows.cpp,src/tremotesf/windowshelpers.h
equeim/tremotesf2,src/desktop/systemcolorsprovider_windows.cpp,src/tremotesf/windowshelpers.h
equeim/tremotesf2,src/tremotesf/ui/screens/mainwindow/mainwindow.cpp,src/tremotesf/windowshelpers.h
equeim/tremotesf2,src/main_windows.cpp,src/tremotesf/ipc/ipcserver_socket.cpp
equeim/tremotesf2,src/tremotesf/ui/screens/mainwindow/mainwindow.cpp,src/tremotesf/ipc/ipcserver_socket.cpp
equeim/tremotesf2,src/desktop/systemcolorsprovider_windows.cpp,src/tremotesf/ipc/ipcserver_socket.cpp
equeim/tremotesf2,src/desktop/systemcolorsprovider.h,src/tremotesf/ipc/ipcserver_socket.cpp
equeim/tremotesf2,src/main_windows.cpp,src/tremotesf/startup/main_windows.cpp
equeim/tremotesf2,src/tremotesf/ui/screens/mainwindow/mainwindow.cpp,src/tremotesf/startup/main_windows.cpp
equeim/tremotesf2,src/desktop/systemcolorsprovider.h,src/tremotesf/startup/main_windows.cpp
equeim/tremotesf2,src/desktop/systemcolorsprovider_windows.cpp,src/tremotesf/startup/main_windows.cpp
equeim/tremotesf2,src/desktop/systemcolorsprovider.h,src/tremotesf/startup/signalhandler.cpp
equeim/tremotesf2,src/desktop/systemcolorsprovider_windows.cpp,src/tremotesf/startup/signalhandler.cpp
equeim/tremotesf2,src/tremotesf/ui/screens/mainwindow/mainwindow.cpp,src/tremotesf/startup/signalhandler.cpp
equeim/tremotesf2,src/main_windows.cpp,src/tremotesf/startup/signalhandler.cpp
equeim/tremotesf2,src/desktop/systemcolorsprovider.h,src/tremotesf/ui/screens/addtorrent/localtorrentfilesmodel.cpp
equeim/tremotesf2,src/main_windows.cpp,src/tremotesf/ui/screens/addtorrent/localtorrentfilesmodel.cpp
equeim/tremotesf2,src/desktop/systemcolorsprovider_windows.cpp,src/tremotesf/ui/screens/addtorrent/localtorrentfilesmodel.cpp
equeim/tremotesf2,src/tremotesf/ui/screens/mainwindow/mainwindow.cpp,src/tremotesf/ui/screens/addtorrent/localtorrentfilesmodel.cpp
LiberatorUSA/GUCEF,platform/gucefPUBSUB/include/gucefPUBSUB_CPubSubFlowRouter.h,platform/gucefPUBSUB/src/gucefPUBSUB_CPubSubClientSide.cpp
LiberatorUSA/GUCEF,platform/gucefPUBSUB/include/gucefPUBSUB_CPubSubFlowRouter.h,platform/gucefPUBSUB/src/gucefPUBSUB_CPubSubFlowRouter.cpp
LiberatorUSA/GUCEF,platform/gucefPUBSUB/include/gucefPUBSUB_CPubSubFlowRouter.h,platform/gucefPUBSUB/include/gucefPUBSUB_CPubSubClientSide.h
LiberatorUSA/GUCEF,platform/gucefPUBSUB/include/gucefPUBSUB_CPubSubFlowRouter.h,platform/gucefPUBSUB/src/gucefPUBSUB_CPubSubClientChannel.cpp
henrypp/simplewall,src/profile.c,src/helper.c
henrypp/simplewall,src/profile.c,src/helper.h
henrypp/simplewall,src/profile.c,src/messages.c
tensorflow/runtime,backends/jitrt/include/tfrt/jitrt/custom_call.h,backends/jitrt/lib/kernels/jitrt_corert_kernels.cc
tensorflow/runtime,backends/jitrt/lib/jitrt_compiler.cc,backends/jitrt/lib/kernels/jitrt_corert_kernels.cc
tensorflow/runtime,backends/jitrt/lib/specialization.cc,backends/jitrt/lib/kernels/jitrt_corert_kernels.cc
tensorflow/runtime,backends/jitrt/lib/arguments.cc,backends/jitrt/lib/kernels/jitrt_corert_kernels.cc
tensorflow/runtime,backends/jitrt/include/tfrt/jitrt/arguments.h,backends/jitrt/lib/kernels/jitrt_corert_kernels.cc
GNOME/gnome-builder,src/libide/gui/ide-primary-workspace.c,src/libide/gui/ide-page.c
GNOME/gnome-builder,src/libide/editor/ide-editor-workspace.c,src/libide/gui/ide-page.c
GNOME/gnome-builder,src/libide/gui/ide-workspace.h,src/libide/gui/ide-page.c
GNOME/gnome-builder,src/libide/gui/ide-frame.c,src/libide/gui/ide-page.c
GNOME/gnome-builder,src/libide/gui/ide-application-plugins.c,src/libide/gui/ide-page.c
GNOME/gnome-builder,src/libide/gui/ide-application-actions.c,src/libide/gui/ide-page.c
GNOME/gnome-builder,src/libide/core/ide-settings.c,src/libide/gui/ide-page.c
GNOME/gnome-builder,src/libide/gui/ide-pane.c,src/libide/gui/ide-page.c
GNOME/gnome-builder,src/libide/gui/ide-primary-workspace.c,src/libide/editor/ide-editor-page.c
GNOME/gnome-builder,src/libide/gui/ide-application-plugins.c,src/libide/editor/ide-editor-page.c
GNOME/gnome-builder,src/libide/gui/ide-pane.c,src/libide/editor/ide-editor-page.c
GNOME/gnome-builder,src/libide/editor/ide-editor-workspace.c,src/libide/editor/ide-editor-page.c
GNOME/gnome-builder,src/libide/core/ide-settings.c,src/libide/editor/ide-editor-page.c
GNOME/gnome-builder,src/libide/gui/ide-workspace.h,src/libide/editor/ide-editor-page.c
GNOME/gnome-builder,src/libide/gui/ide-application-actions.c,src/libide/editor/ide-editor-page.c
GNOME/gnome-builder,src/libide/gui/ide-frame.c,src/libide/editor/ide-editor-page.c
GNOME/gnome-builder,src/libide/tweaks/ide-tweaks-model.c,src/libide/tweaks/ide-tweaks-widget.c
GNOME/gnome-builder,src/libide/tweaks/ide-tweaks-panel-list-private.h,src/libide/tweaks/ide-tweaks-widget.c
GNOME/gnome-builder,src/libide/tweaks/ide-tweaks-radio.c,src/libide/tweaks/ide-tweaks-widget.c
GNOME/gnome-builder,src/libide/tweaks/ide-tweaks-settings.h,src/libide/tweaks/ide-tweaks-widget.c
GNOME/gnome-builder,src/plugins/editorui/gbp-editorui-workbench-addin.c,src/libide/tweaks/ide-tweaks-widget.c
GNOME/gnome-builder,src/libide/tweaks/ide-tweaks-combo.c,src/libide/tweaks/ide-tweaks-widget.c
GNOME/gnome-builder,src/libide/tweaks/ide-tweaks-item.c,src/libide/tweaks/ide-tweaks-widget.c
GNOME/gnome-builder,src/libide/tweaks/ide-tweaks-item.h,src/libide/tweaks/ide-tweaks-widget.c
GNOME/gnome-builder,src/libide/tweaks/ide-tweaks-page.c,src/libide/tweaks/ide-tweaks-widget.c
GNOME/gnome-builder,src/plugins/buildui/gbp-buildui-tweaks-addin.c,src/libide/tweaks/ide-tweaks-widget.c
GNOME/gnome-builder,src/plugins/debuggerui/ide-debugger-workspace-addin.c,src/libide/tweaks/ide-tweaks-widget.c
GNOME/gnome-builder,src/libide/tweaks/ide-tweaks-directory.h,src/libide/tweaks/ide-tweaks-widget.c
GNOME/gnome-builder,src/libide/tweaks/ide-tweaks.c,src/libide/tweaks/ide-tweaks-widget.c
GNOME/gnome-builder,src/plugins/projectui/gbp-projectui-tweaks-addin.c,src/libide/tweaks/ide-tweaks-widget.c
GNOME/gnome-builder,src/libide/tweaks/ide-tweaks-settings.c,src/libide/tweaks/ide-tweaks-widget.c
GNOME/gnome-builder,src/plugins/sessionui/gbp-sessionui-workbench-addin.c,src/libide/tweaks/ide-tweaks-widget.c
GNOME/gnome-builder,src/libide/tweaks/ide-tweaks-window.c,src/libide/tweaks/ide-tweaks-widget.c
GNOME/gnome-builder,src/libide/tweaks/ide-tweaks-radio.c,src/libide/tweaks/ide-tweaks-widget.h
GNOME/gnome-builder,src/libide/tweaks/ide-tweaks-item.c,src/libide/tweaks/ide-tweaks-widget.h
GNOME/gnome-builder,src/libide/tweaks/ide-tweaks.c,src/libide/tweaks/ide-tweaks-widget.h
GNOME/gnome-builder,src/plugins/projectui/gbp-projectui-tweaks-addin.c,src/libide/tweaks/ide-tweaks-widget.h
GNOME/gnome-builder,src/libide/tweaks/ide-tweaks-combo.c,src/libide/tweaks/ide-tweaks-widget.h
GNOME/gnome-builder,src/libide/tweaks/ide-tweaks-directory.h,src/libide/tweaks/ide-tweaks-widget.h
GNOME/gnome-builder,src/plugins/editorui/gbp-editorui-workbench-addin.c,src/libide/tweaks/ide-tweaks-widget.h
GNOME/gnome-builder,src/libide/tweaks/ide-tweaks-window.c,src/libide/tweaks/ide-tweaks-widget.h
GNOME/gnome-builder,src/plugins/debuggerui/ide-debugger-workspace-addin.c,src/libide/tweaks/ide-tweaks-widget.h
GNOME/gnome-builder,src/libide/tweaks/ide-tweaks-page.c,src/libide/tweaks/ide-tweaks-widget.h
GNOME/gnome-builder,src/libide/tweaks/ide-tweaks-settings.c,src/libide/tweaks/ide-tweaks-widget.h
GNOME/gnome-builder,src/plugins/buildui/gbp-buildui-tweaks-addin.c,src/libide/tweaks/ide-tweaks-widget.h
GNOME/gnome-builder,src/libide/tweaks/ide-tweaks-panel-list-private.h,src/libide/tweaks/ide-tweaks-widget.h
GNOME/gnome-builder,src/libide/tweaks/ide-tweaks-settings.h,src/libide/tweaks/ide-tweaks-widget.h
GNOME/gnome-builder,src/plugins/sessionui/gbp-sessionui-workbench-addin.c,src/libide/tweaks/ide-tweaks-widget.h
GNOME/gnome-builder,src/libide/tweaks/ide-tweaks-item.h,src/libide/tweaks/ide-tweaks-widget.h
GNOME/gnome-builder,src/libide/tweaks/ide-tweaks-model.c,src/libide/tweaks/ide-tweaks-widget.h
GNOME/gnome-builder,src/libide/tweaks/ide-tweaks-item.h,src/libide/tweaks/ide-tweaks-factory.c
GNOME/gnome-builder,src/plugins/sessionui/gbp-sessionui-workbench-addin.c,src/libide/tweaks/ide-tweaks-factory.c
GNOME/gnome-builder,src/plugins/editorui/gbp-editorui-workbench-addin.c,src/libide/tweaks/ide-tweaks-factory.c
GNOME/gnome-builder,src/libide/tweaks/ide-tweaks-page.c,src/libide/tweaks/ide-tweaks-factory.c
GNOME/gnome-builder,src/plugins/projectui/gbp-projectui-tweaks-addin.c,src/libide/tweaks/ide-tweaks-factory.c
GNOME/gnome-builder,src/plugins/buildui/gbp-buildui-tweaks-addin.c,src/libide/tweaks/ide-tweaks-factory.c
GNOME/gnome-builder,src/libide/tweaks/ide-tweaks-directory.h,src/libide/tweaks/ide-tweaks-factory.c
GNOME/gnome-builder,src/libide/tweaks/ide-tweaks-radio.c,src/libide/tweaks/ide-tweaks-factory.c
GNOME/gnome-builder,src/libide/tweaks/ide-tweaks-settings.c,src/libide/tweaks/ide-tweaks-factory.c
GNOME/gnome-builder,src/libide/tweaks/ide-tweaks-window.c,src/libide/tweaks/ide-tweaks-factory.c
GNOME/gnome-builder,src/libide/tweaks/ide-tweaks.c,src/libide/tweaks/ide-tweaks-factory.c
GNOME/gnome-builder,src/libide/tweaks/ide-tweaks-combo.c,src/libide/tweaks/ide-tweaks-factory.c
GNOME/gnome-builder,src/libide/tweaks/ide-tweaks-panel-list-private.h,src/libide/tweaks/ide-tweaks-factory.c
GNOME/gnome-builder,src/libide/tweaks/ide-tweaks-item.c,src/libide/tweaks/ide-tweaks-factory.c
GNOME/gnome-builder,src/libide/tweaks/ide-tweaks-settings.h,src/libide/tweaks/ide-tweaks-factory.c
GNOME/gnome-builder,src/plugins/debuggerui/ide-debugger-workspace-addin.c,src/libide/tweaks/ide-tweaks-factory.c
GNOME/gnome-builder,src/libide/tweaks/ide-tweaks-model.c,src/libide/tweaks/ide-tweaks-factory.c
GNOME/gnome-builder,src/libide/gui/ide-application-plugins.c,src/libide/editor/ide-editor-page-settings.c
GNOME/gnome-builder,src/libide/core/ide-settings.c,src/libide/editor/ide-editor-page-settings.c
GNOME/gnome-builder,src/libide/gui/ide-application-actions.c,src/libide/editor/ide-editor-page-settings.c
GNOME/gnome-builder,src/libide/gui/ide-pane.c,src/libide/editor/ide-editor-page-settings.c
GNOME/gnome-builder,src/libide/gui/ide-workspace.h,src/libide/editor/ide-editor-page-settings.c
GNOME/gnome-builder,src/libide/gui/ide-primary-workspace.c,src/libide/editor/ide-editor-page-settings.c
GNOME/gnome-builder,src/libide/editor/ide-editor-workspace.c,src/libide/editor/ide-editor-page-settings.c
GNOME/gnome-builder,src/libide/gui/ide-frame.c,src/libide/editor/ide-editor-page-settings.c
VROOM-Project/vroom,src/structures/vroom/solution_state.cpp,src/problems/cvrp/operators/intra_cross_exchange.cpp
VROOM-Project/vroom,src/problems/cvrp/operators/reverse_two_opt.cpp,src/problems/cvrp/operators/intra_cross_exchange.cpp
VROOM-Project/vroom,src/structures/vroom/solution_state.h,src/problems/cvrp/operators/intra_cross_exchange.cpp
VROOM-Project/vroom,src/algorithms/local_search/operator.h,src/problems/cvrp/operators/intra_cross_exchange.cpp
pgmodeler/pgmodeler,libs/libcore/src/table.cpp,libs/libcore/src/databasemodel.cpp
pgmodeler/pgmodeler,libs/libcore/src/databasemodel.h,libs/libcore/src/databasemodel.cpp
pgmodeler/pgmodeler,libs/libparsers/src/attributes.h,libs/libcore/src/databasemodel.cpp
pgmodeler/pgmodeler,libs/libcore/src/trigger.cpp,libs/libcore/src/databasemodel.cpp
pgmodeler/pgmodeler,libs/libutils/src/exception.h,libs/libcore/src/databasemodel.cpp
pgmodeler/pgmodeler,libs/libparsers/src/attributes.cpp,libs/libcore/src/databasemodel.cpp
pgmodeler/pgmodeler,libs/libcore/src/physicaltable.cpp,libs/libcore/src/databasemodel.cpp
pgmodeler/pgmodeler,libs/libgui/src/tools/modelexporthelper.cpp,libs/libgui/src/dbobjects/rolewidget.cpp
pgmodeler/pgmodeler,libs/libgui/src/tools/modelexporthelper.h,libs/libgui/src/dbobjects/rolewidget.cpp
pgmodeler/pgmodeler,libs/libgui/src/widgets/modelwidget.h,libs/libgui/src/dbobjects/rolewidget.cpp
pgmodeler/pgmodeler,libs/libgui/src/tools/modelexportform.cpp,libs/libgui/src/dbobjects/rolewidget.cpp
pgmodeler/pgmodeler,libs/libgui/src/dbobjects/operatorclasswidget.cpp,libs/libgui/src/dbobjects/rolewidget.cpp
pgmodeler/pgmodeler,libs/libgui/src/widgets/sourcecodewidget.cpp,libs/libgui/src/dbobjects/rolewidget.cpp
pgmodeler/pgmodeler,libs/libgui/src/dbobjects/baseobjectwidget.cpp,libs/libgui/src/dbobjects/rolewidget.cpp
pgmodeler/pgmodeler,libs/libparsers/src/attributes.cpp,apps/pgmodeler-cli/src/pgmodelercliapp.cpp
pgmodeler/pgmodeler,libs/libcore/src/databasemodel.h,apps/pgmodeler-cli/src/pgmodelercliapp.cpp
pgmodeler/pgmodeler,libs/libcore/src/trigger.cpp,apps/pgmodeler-cli/src/pgmodelercliapp.cpp
pgmodeler/pgmodeler,libs/libutils/src/exception.h,apps/pgmodeler-cli/src/pgmodelercliapp.cpp
pgmodeler/pgmodeler,libs/libcore/src/physicaltable.cpp,apps/pgmodeler-cli/src/pgmodelercliapp.cpp
pgmodeler/pgmodeler,libs/libcore/src/table.cpp,apps/pgmodeler-cli/src/pgmodelercliapp.cpp
pgmodeler/pgmodeler,libs/libparsers/src/attributes.h,apps/pgmodeler-cli/src/pgmodelercliapp.cpp
thoni56/c-xrefactory,src/misc.c,src/semact.c
thoni56/c-xrefactory,src/cxref.c,src/semact.c
thoni56/c-xrefactory,src/options.c,src/semact.c
thoni56/c-xrefactory,src/editor.c,src/semact.c
thoni56/c-xrefactory,src/yylex.c,src/semact.c
thoni56/c-xrefactory,src/caching.c,src/semact.c
thoni56/c-xrefactory,src/java_parser.tab.c,src/c_parser.tab.c
thoni56/c-xrefactory,src/lexembuffer.h,src/c_parser.tab.c
thoni56/c-xrefactory,src/lexembuffer.c,src/c_parser.tab.c
thoni56/c-xrefactory,src/lexembuffer.c,src/yacc_parser.tab.c
thoni56/c-xrefactory,src/lexembuffer.h,src/yacc_parser.tab.c
thoni56/c-xrefactory,src/java_parser.tab.c,src/yacc_parser.tab.c
timhriley/appaserver,src_predictive/element.h,src_predictive/account.h
timhriley/appaserver,src_predictive/subclassification.c,src_predictive/account.h
timhriley/appaserver,src_predictive/element.c,src_predictive/account.h
timhriley/appaserver,src_predictive/subclassification.c,src_predictive/journal.c
timhriley/appaserver,src_predictive/element.c,src_predictive/journal.c
timhriley/appaserver,src_predictive/element.h,src_predictive/journal.c
timhriley/appaserver,src_predictive/subclassification.c,src_predictive/liability.c
timhriley/appaserver,src_predictive/element.h,src_predictive/liability.c
timhriley/appaserver,src_predictive/element.c,src_predictive/liability.c
timhriley/appaserver,src_predictive/element.h,src_predictive/liability.h
timhriley/appaserver,src_predictive/subclassification.c,src_predictive/liability.h
timhriley/appaserver,src_predictive/element.c,src_predictive/liability.h
timhriley/appaserver,src_predictive/element.h,src_predictive/transaction.c
timhriley/appaserver,src_predictive/element.c,src_predictive/transaction.c
timhriley/appaserver,src_predictive/subclassification.c,src_predictive/transaction.c
timhriley/appaserver,src_predictive/subclassification.c,src_predictive/transaction.h
timhriley/appaserver,src_predictive/element.c,src_predictive/transaction.h
timhriley/appaserver,src_predictive/element.h,src_predictive/transaction.h
zenorogue/hyperrogue,rogueviz/rogueviz.h,reg3.cpp
zenorogue/hyperrogue,config.cpp,pattern2.cpp
zenorogue/hyperrogue,commandline.cpp,pattern2.cpp
zenorogue/hyperrogue,rogueviz/ads/menu.cpp,rulegen3.cpp
zenorogue/hyperrogue,rogueviz/ads/resources.cpp,rulegen3.cpp
zenorogue/hyperrogue,rogueviz/nilrider/nilrider.cpp,rulegen3.cpp
zenorogue/hyperrogue,rogueviz/ads/globals.cpp,rulegen3.cpp
bradharding/doomretro,src/g_game.c,src/p_map.c
bradharding/doomretro,src/p_pspr.c,src/p_map.c
bradharding/doomretro,src/p_floor.c,src/p_map.c
bradharding/doomretro,src/hu_stuff.h,src/p_map.c
bradharding/doomretro,src/d_iwad.c,src/p_map.c
bradharding/doomretro,src/v_video.h,src/p_map.c
bradharding/doomretro,src/r_main.c,src/p_map.c
bradharding/doomretro,src/d_deh.c,src/p_map.c
bradharding/doomretro,src/p_maputl.c,src/p_map.c
bradharding/doomretro,src/doomstat.h,src/p_map.c
bradharding/doomretro,src/p_enemy.c,src/p_map.c
bradharding/doomretro,src/v_video.h,src/d_main.c
bradharding/doomretro,src/p_floor.c,src/d_main.c
bradharding/doomretro,src/p_pspr.c,src/d_main.c
bradharding/doomretro,src/p_maputl.c,src/d_main.c
bradharding/doomretro,src/hu_stuff.h,src/d_main.c
bradharding/doomretro,src/p_enemy.c,src/d_main.c
bradharding/doomretro,src/r_main.c,src/d_main.c
bradharding/doomretro,src/g_game.c,src/d_main.c
bradharding/doomretro,src/doomstat.h,src/d_main.c
bradharding/doomretro,src/d_iwad.c,src/d_main.c
bradharding/doomretro,src/d_deh.c,src/d_main.c
bradharding/doomretro,src/r_main.c,src/m_menu.c
bradharding/doomretro,src/g_game.c,src/m_menu.c
bradharding/doomretro,src/d_iwad.c,src/m_menu.c
bradharding/doomretro,src/d_deh.c,src/m_menu.c
bradharding/doomretro,src/doomstat.h,src/m_menu.c
bradharding/doomretro,src/p_maputl.c,src/m_menu.c
bradharding/doomretro,src/p_floor.c,src/m_menu.c
bradharding/doomretro,src/v_video.h,src/m_menu.c
bradharding/doomretro,src/hu_stuff.h,src/m_menu.c
bradharding/doomretro,src/p_enemy.c,src/m_menu.c
bradharding/doomretro,src/p_pspr.c,src/m_menu.c
bradharding/doomretro,src/p_enemy.c,src/p_mobj.c
bradharding/doomretro,src/d_iwad.c,src/p_mobj.c
bradharding/doomretro,src/hu_stuff.h,src/p_mobj.c
bradharding/doomretro,src/v_video.h,src/p_mobj.c
bradharding/doomretro,src/doomstat.h,src/p_mobj.c
bradharding/doomretro,src/p_maputl.c,src/p_mobj.c
bradharding/doomretro,src/p_floor.c,src/p_mobj.c
bradharding/doomretro,src/g_game.c,src/p_mobj.c
bradharding/doomretro,src/r_main.c,src/p_mobj.c
bradharding/doomretro,src/p_pspr.c,src/p_mobj.c
bradharding/doomretro,src/d_deh.c,src/p_mobj.c
bradharding/doomretro,src/d_iwad.c,src/r_data.c
bradharding/doomretro,src/p_pspr.c,src/r_data.c
bradharding/doomretro,src/p_floor.c,src/r_data.c
bradharding/doomretro,src/p_enemy.c,src/r_data.c
bradharding/doomretro,src/g_game.c,src/r_data.c
bradharding/doomretro,src/v_video.h,src/r_data.c
bradharding/doomretro,src/hu_stuff.h,src/r_data.c
bradharding/doomretro,src/doomstat.h,src/r_data.c
bradharding/doomretro,src/d_deh.c,src/r_data.c
bradharding/doomretro,src/r_main.c,src/r_data.c
bradharding/doomretro,src/p_maputl.c,src/r_data.c
bradharding/doomretro,src/p_enemy.c,src/i_video.c
bradharding/doomretro,src/hu_stuff.h,src/i_video.c
bradharding/doomretro,src/doomstat.h,src/i_video.c
bradharding/doomretro,src/p_floor.c,src/i_video.c
bradharding/doomretro,src/d_deh.c,src/i_video.c
bradharding/doomretro,src/p_maputl.c,src/i_video.c
bradharding/doomretro,src/v_video.h,src/i_video.c
bradharding/doomretro,src/g_game.c,src/i_video.c
bradharding/doomretro,src/p_pspr.c,src/i_video.c
bradharding/doomretro,src/d_iwad.c,src/i_video.c
bradharding/doomretro,src/r_main.c,src/i_video.c
bradharding/doomretro,src/d_iwad.c,src/p_local.h
bradharding/doomretro,src/v_video.h,src/p_local.h
bradharding/doomretro,src/doomstat.h,src/p_local.h
bradharding/doomretro,src/r_main.c,src/p_local.h
bradharding/doomretro,src/p_maputl.c,src/p_local.h
bradharding/doomretro,src/p_pspr.c,src/p_local.h
bradharding/doomretro,src/d_deh.c,src/p_local.h
bradharding/doomretro,src/p_enemy.c,src/p_local.h
bradharding/doomretro,src/hu_stuff.h,src/p_local.h
bradharding/doomretro,src/p_floor.c,src/p_local.h
bradharding/doomretro,src/g_game.c,src/p_local.h
bradharding/doomretro,src/d_deh.c,src/m_config.c
bradharding/doomretro,src/p_maputl.c,src/m_config.c
bradharding/doomretro,src/d_iwad.c,src/m_config.c
bradharding/doomretro,src/p_floor.c,src/m_config.c
bradharding/doomretro,src/p_enemy.c,src/m_config.c
bradharding/doomretro,src/r_main.c,src/m_config.c
bradharding/doomretro,src/hu_stuff.h,src/m_config.c
bradharding/doomretro,src/v_video.h,src/m_config.c
bradharding/doomretro,src/g_game.c,src/m_config.c
bradharding/doomretro,src/doomstat.h,src/m_config.c
bradharding/doomretro,src/p_pspr.c,src/m_config.c
bradharding/doomretro,src/g_game.c,src/m_config.h
bradharding/doomretro,src/r_main.c,src/m_config.h
bradharding/doomretro,src/d_iwad.c,src/m_config.h
bradharding/doomretro,src/p_floor.c,src/m_config.h
bradharding/doomretro,src/p_pspr.c,src/m_config.h
bradharding/doomretro,src/v_video.h,src/m_config.h
bradharding/doomretro,src/doomstat.h,src/m_config.h
bradharding/doomretro,src/hu_stuff.h,src/m_config.h
bradharding/doomretro,src/p_maputl.c,src/m_config.h
bradharding/doomretro,src/p_enemy.c,src/m_config.h
bradharding/doomretro,src/d_deh.c,src/m_config.h
martinrotter/rssguard,src/librssguard/definitions/definitions.h,src/librssguard/miscellaneous/application.cpp
miranda-ng/miranda-ng,protocols/WhatsAppWeb/src/proto.h,protocols/ICQ-WIM/src/userinfo.cpp
miranda-ng/miranda-ng,plugins/UserInfoEx/src/psp_options.cpp,protocols/JabberG/src/jabber_proto.h
miranda-ng/miranda-ng,plugins/UserInfoEx/src/init.cpp,protocols/JabberG/src/jabber_proto.h
miranda-ng/miranda-ng,plugins/UserInfoEx/src/init.cpp,protocols/JabberG/src/jabber_proto.cpp
miranda-ng/miranda-ng,plugins/UserInfoEx/src/psp_options.cpp,protocols/JabberG/src/jabber_proto.cpp
miranda-ng/miranda-ng,plugins/UserInfoEx/src/psp_options.cpp,protocols/JabberG/src/jabber_vcard.cpp
miranda-ng/miranda-ng,plugins/UserInfoEx/src/init.cpp,protocols/JabberG/src/jabber_vcard.cpp
miranda-ng/miranda-ng,plugins/UserInfoEx/src/init.cpp,protocols/JabberG/src/jabber_thread.cpp
miranda-ng/miranda-ng,plugins/UserInfoEx/src/psp_options.cpp,protocols/JabberG/src/jabber_thread.cpp
sekiguchi-nagisa/ydsh,src/object.h,src/parser.cpp
sekiguchi-nagisa/ydsh,src/node.h,src/parser.cpp
sekiguchi-nagisa/ydsh,src/codegen.cpp,src/parser.cpp
sergeykhbr/riscv_vhdl,debugger/src/cpu_sysc_plugin/rtl_wrapper.cpp,debugger/src/cpu_sysc_plugin/riverlib/core/execute.cpp
sergeykhbr/riscv_vhdl,debugger/src/cpu_sysc_plugin/cpu_riscv_rtl.cpp,debugger/src/cpu_sysc_plugin/riverlib/core/execute.cpp
sergeykhbr/riscv_vhdl,debugger/src/cpu_sysc_plugin/cpu_riscv_rtl.h,debugger/src/cpu_sysc_plugin/riverlib/core/execute.cpp
sergeykhbr/riscv_vhdl,debugger/src/cpu_sysc_plugin/riverlib/river_top.h,debugger/src/cpu_sysc_plugin/riverlib/core/execute.cpp
ColinIanKing/stress-ng,stress-mmap.c,stress-cpu.c
ColinIanKing/stress-ng,core-klog.c,stress-syscall.c
ColinIanKing/stress-ng,stress-vecfp.c,stress-syscall.c
ColinIanKing/stress-ng,stress-cacheline.c,stress-syscall.c
ColinIanKing/stress-ng,stress-zlib.c,stress-copy-file.c
ColinIanKing/stress-ng,stress-ipsec-mb.c,stress-file-ioctl.c
ColinIanKing/stress-ng,stress-ipsec-mb.c,stress-bad-altstack.c
ValeevGroup/tiledarray,src/TiledArray/math/linalg/ttg/util.h,src/TiledArray/range1.h
hasherezade/bearparser,parser/FileBuffer.cpp,parser/pe/SectHdrsWrapper.cpp
hasherezade/bearparser,parser/pe/FileHdrWrapper.cpp,parser/pe/SectHdrsWrapper.cpp
angstsmurf/spatterlight,terps/plus/atari8detect.c,terps/plus/stdraw.c
angstsmurf/spatterlight,terps/plus/apple2detect.c,terps/plus/stdraw.c
angstsmurf/spatterlight,terps/plus/apple2detect.c,terps/plus/graphics.c
angstsmurf/spatterlight,terps/plus/atari8detect.c,terps/plus/graphics.c
angstsmurf/spatterlight,terps/plus/apple2detect.c,terps/plus/plusmain.c
angstsmurf/spatterlight,terps/plus/atari8detect.c,terps/plus/plusmain.c
angstsmurf/spatterlight,terps/plus/atari8detect.c,terps/plus/animations.c
angstsmurf/spatterlight,terps/plus/apple2detect.c,terps/plus/animations.c
angstsmurf/spatterlight,terps/plus/atari8detect.c,terps/plus/apple2draw.c
angstsmurf/spatterlight,terps/plus/apple2detect.c,terps/plus/apple2draw.c
angstsmurf/spatterlight,terps/plus/atari8detect.c,terps/plus/restorestate.c
angstsmurf/spatterlight,terps/plus/apple2detect.c,terps/plus/restorestate.c
codeonwort/pathosengine,projects/PathosEngine/src/pathos/loader/objloader.cpp,projects/PathosEngine/src/pathos/engine.cpp
derceg/explorerplusplus,Explorer++/Explorer++/Tab.h,Explorer++/Explorer++/MainRebar.cpp
derceg/explorerplusplus,Explorer++/Explorer++/Config.h,Explorer++/Explorer++/MainRebar.cpp
derceg/explorerplusplus,Explorer++/Explorer++/CommandLine.cpp,Explorer++/Explorer++/MainRebar.cpp
derceg/explorerplusplus,Explorer++/Explorer++/Config.h,Explorer++/Explorer++/CoreInterface.h
derceg/explorerplusplus,Explorer++/Explorer++/Tab.h,Explorer++/Explorer++/CoreInterface.h
derceg/explorerplusplus,Explorer++/Explorer++/CommandLine.cpp,Explorer++/Explorer++/CoreInterface.h
derceg/explorerplusplus,Explorer++/Explorer++/CommandLine.cpp,Explorer++/Explorer++/ShellBrowser/ShellBrowser.h
derceg/explorerplusplus,Explorer++/Explorer++/Tab.h,Explorer++/Explorer++/ShellBrowser/ShellBrowser.h
derceg/explorerplusplus,Explorer++/Explorer++/Config.h,Explorer++/Explorer++/ShellBrowser/ShellBrowser.h
derceg/explorerplusplus,Explorer++/Explorer++/Config.h,Explorer++/Explorer++/ShellBrowser/ShellBrowser.cpp
derceg/explorerplusplus,Explorer++/Explorer++/CommandLine.cpp,Explorer++/Explorer++/ShellBrowser/ShellBrowser.cpp
derceg/explorerplusplus,Explorer++/Explorer++/Tab.h,Explorer++/Explorer++/ShellBrowser/ShellBrowser.cpp
derceg/explorerplusplus,Explorer++/Explorer++/ShellBrowser/BrowsingHandler.cpp,Explorer++/Explorer++/ShellBrowser/ColumnManager.cpp
derceg/explorerplusplus,Explorer++/Explorer++/Plugins/TabsApi/TabsApi.h,Explorer++/Explorer++/Bookmarks/UI/BookmarksToolbar.h
derceg/explorerplusplus,Explorer++/Explorer++/Plugins/TabsApi/TabsApi.h,Explorer++/Explorer++/ShellTreeView/ShellTreeView.cpp
derceg/explorerplusplus,Explorer++/Explorer++/Plugins/TabsApi/TabsApi.h,Explorer++/Explorer++/Bookmarks/UI/BookmarkListView.cpp
derceg/explorerplusplus,Explorer++/Explorer++/Plugins/TabsApi/TabsApi.h,Explorer++/Explorer++/Bookmarks/UI/BookmarksToolbar.cpp
derceg/explorerplusplus,Explorer++/Explorer++/ShellBrowser/BrowsingHandler.cpp,Explorer++/Explorer++/ShellBrowser/DirectoryModificationHandler.cpp
ircd-hybrid/ircd-hybrid,include/channel_mode.h,modules/m_who.c
ircd-hybrid/ircd-hybrid,src/channel_mode.c,modules/m_who.c
turanszkij/WickedEngine,Editor/CameraWindow.cpp,Editor/Editor.h
turanszkij/WickedEngine,Editor/CameraWindow.cpp,Editor/AnimationWindow.h
GIBIS-UNIFESP/wiRedPanda,app/element/display.cpp,app/scene.cpp
GIBIS-UNIFESP/wiRedPanda,app/nodes/qneport.cpp,app/scene.cpp
GIBIS-UNIFESP/wiRedPanda,app/elementfactory.cpp,app/scene.cpp
GIBIS-UNIFESP/wiRedPanda,app/element/clock.cpp,app/scene.cpp
GIBIS-UNIFESP/wiRedPanda,app/commands.cpp,app/scene.cpp
GIBIS-UNIFESP/wiRedPanda,app/elementfactory.cpp,app/graphicelement.cpp
GIBIS-UNIFESP/wiRedPanda,app/element/clock.cpp,app/graphicelement.cpp
GIBIS-UNIFESP/wiRedPanda,app/commands.cpp,app/graphicelement.cpp
GIBIS-UNIFESP/wiRedPanda,app/element/display.cpp,app/graphicelement.cpp
GIBIS-UNIFESP/wiRedPanda,app/nodes/qneport.cpp,app/graphicelement.cpp
GIBIS-UNIFESP/wiRedPanda,app/element/clock.cpp,app/nodes/qneconnection.cpp
GIBIS-UNIFESP/wiRedPanda,app/elementfactory.cpp,app/nodes/qneconnection.cpp
GIBIS-UNIFESP/wiRedPanda,app/commands.cpp,app/nodes/qneconnection.cpp
GIBIS-UNIFESP/wiRedPanda,app/nodes/qneport.cpp,app/nodes/qneconnection.cpp
GIBIS-UNIFESP/wiRedPanda,app/element/display.cpp,app/nodes/qneconnection.cpp
carlesfernandez/gnss-sdr,src/algorithms/PVT/adapters/rtklib_pvt.cc,src/algorithms/libs/rtklib/rtklib_rtkcmn.h
carlesfernandez/gnss-sdr,src/algorithms/PVT/adapters/rtklib_pvt.cc,src/algorithms/libs/rtklib/rtklib_rtkcmn.cc
zephyrproject-rtos/zephyr,include/zephyr/net/wifi.h,include/zephyr/drivers/can.h
Washington-University/workbench,src/Brain/BrowserTabContent.cxx,src/Brain/Brain.cxx
Washington-University/workbench,src/GuiQt/GuiManager.cxx,src/Brain/Brain.cxx
Washington-University/workbench,src/Brain/BrowserTabContent.cxx,src/Files/ImageFile.cxx
Washington-University/workbench,src/GuiQt/GuiManager.cxx,src/Files/ImageFile.cxx
eriksl/esp8266-universal-io-bridge,lwip-interface.h,lwipopts.h
eriksl/esp8266-universal-io-bridge,sys_time.c,lwipopts.h
eriksl/esp8266-universal-io-bridge,remote_trigger.c,lwipopts.h
hypernumbernet/blackhole-simulator,engine/3d/initializer3d.h,bhs.h
hypernumbernet/blackhole-simulator,ParticleShaders.cpp,bhs.h
hypernumbernet/blackhole-simulator,engine/GravityCollision/CalculationGravityCollision.h,bhs.h
hypernumbernet/blackhole-simulator,engine/abstractinitializer.h,bhs.h
hypernumbernet/blackhole-simulator,hnn/octonion.h,bhs.h
hypernumbernet/blackhole-simulator,engine/3d/engine3d.h,bhs.h
hypernumbernet/blackhole-simulator,engine/4d3d/coredouble4d3d.h,bhs.h
hypernumbernet/blackhole-simulator,engine/3d4d/corefloat3d4d.h,bhs.h
hypernumbernet/blackhole-simulator,engine/4d3d/corefloat4d3d.h,bhs.h
hypernumbernet/blackhole-simulator,UpdateUi.cpp,bhs.h
hypernumbernet/blackhole-simulator,engine/abstractnbodyengine.h,bhs.h
hypernumbernet/blackhole-simulator,engine/3d4dr1/initializer3d4dr1.h,bhs.h
hypernumbernet/blackhole-simulator,engine/4d3d/engine4d3d.h,bhs.h
hypernumbernet/blackhole-simulator,engine/3d4dr1/coredouble3d4dr1.h,bhs.h
hypernumbernet/blackhole-simulator,engine/Relativity3/InitializerRelativity3.h,bhs.h
hypernumbernet/blackhole-simulator,engine/3d4d/coredouble3d4d.h,bhs.h
hypernumbernet/blackhole-simulator,engine/3d4dr1/corefloat3d4dr1.h,bhs.h
hypernumbernet/blackhole-simulator,engine/Relativity3/CalculationRelativity3.h,bhs.h
hypernumbernet/blackhole-simulator,engine/3d4d/initializer3d4d.h,bhs.h
hypernumbernet/blackhole-simulator,engine/4d3d/initializer4d3d.h,bhs.h
hypernumbernet/blackhole-simulator,engine/GravityCollision/EngineGravityCollision.h,bhs.h
hypernumbernet/blackhole-simulator,engine/GravityCollision/CalculationGravityCollision.h,bhs.cpp
hypernumbernet/blackhole-simulator,engine/4d3d/coredouble4d3d.h,bhs.cpp
hypernumbernet/blackhole-simulator,engine/abstractinitializer.h,bhs.cpp
hypernumbernet/blackhole-simulator,engine/GravityCollision/EngineGravityCollision.h,bhs.cpp
hypernumbernet/blackhole-simulator,engine/3d4d/initializer3d4d.h,bhs.cpp
hypernumbernet/blackhole-simulator,engine/3d/initializer3d.h,bhs.cpp
hypernumbernet/blackhole-simulator,engine/3d4dr1/initializer3d4dr1.h,bhs.cpp
hypernumbernet/blackhole-simulator,ParticleShaders.cpp,bhs.cpp
hypernumbernet/blackhole-simulator,engine/Relativity3/CalculationRelativity3.h,bhs.cpp
hypernumbernet/blackhole-simulator,engine/3d4dr1/corefloat3d4dr1.h,bhs.cpp
hypernumbernet/blackhole-simulator,UpdateUi.cpp,bhs.cpp
hypernumbernet/blackhole-simulator,engine/4d3d/engine4d3d.h,bhs.cpp
hypernumbernet/blackhole-simulator,engine/Relativity3/InitializerRelativity3.h,bhs.cpp
hypernumbernet/blackhole-simulator,hnn/octonion.h,bhs.cpp
hypernumbernet/blackhole-simulator,engine/3d4d/coredouble3d4d.h,bhs.cpp
hypernumbernet/blackhole-simulator,engine/3d/engine3d.h,bhs.cpp
hypernumbernet/blackhole-simulator,engine/4d3d/initializer4d3d.h,bhs.cpp
hypernumbernet/blackhole-simulator,engine/abstractnbodyengine.h,bhs.cpp
hypernumbernet/blackhole-simulator,engine/3d4dr1/coredouble3d4dr1.h,bhs.cpp
hypernumbernet/blackhole-simulator,engine/3d4d/corefloat3d4d.h,bhs.cpp
hypernumbernet/blackhole-simulator,engine/4d3d/corefloat4d3d.h,bhs.cpp
hypernumbernet/blackhole-simulator,UpdateUi.cpp,hnn/biquaternion.h
hypernumbernet/blackhole-simulator,engine/Relativity3/InitializerRelativity3.h,hnn/biquaternion.h
hypernumbernet/blackhole-simulator,engine/3d4dr1/coredouble3d4dr1.h,hnn/biquaternion.h
hypernumbernet/blackhole-simulator,engine/3d4dr1/corefloat3d4dr1.h,hnn/biquaternion.h
hypernumbernet/blackhole-simulator,engine/3d4d/coredouble3d4d.h,hnn/biquaternion.h
hypernumbernet/blackhole-simulator,engine/4d3d/initializer4d3d.h,hnn/biquaternion.h
hypernumbernet/blackhole-simulator,hnn/octonion.h,hnn/biquaternion.h
hypernumbernet/blackhole-simulator,engine/Relativity3/CalculationRelativity3.h,hnn/biquaternion.h
hypernumbernet/blackhole-simulator,engine/GravityCollision/EngineGravityCollision.h,hnn/biquaternion.h
hypernumbernet/blackhole-simulator,engine/3d/initializer3d.h,hnn/biquaternion.h
hypernumbernet/blackhole-simulator,engine/3d4dr1/initializer3d4dr1.h,hnn/biquaternion.h
hypernumbernet/blackhole-simulator,engine/abstractnbodyengine.h,hnn/biquaternion.h
hypernumbernet/blackhole-simulator,engine/4d3d/engine4d3d.h,hnn/biquaternion.h
hypernumbernet/blackhole-simulator,engine/3d4d/corefloat3d4d.h,hnn/biquaternion.h
hypernumbernet/blackhole-simulator,engine/4d3d/coredouble4d3d.h,hnn/biquaternion.h
hypernumbernet/blackhole-simulator,engine/4d3d/corefloat4d3d.h,hnn/biquaternion.h
hypernumbernet/blackhole-simulator,engine/3d4d/initializer3d4d.h,hnn/biquaternion.h
hypernumbernet/blackhole-simulator,engine/abstractinitializer.h,hnn/biquaternion.h
hypernumbernet/blackhole-simulator,engine/3d/engine3d.h,hnn/biquaternion.h
hypernumbernet/blackhole-simulator,ParticleShaders.cpp,hnn/biquaternion.h
hypernumbernet/blackhole-simulator,engine/GravityCollision/CalculationGravityCollision.h,hnn/biquaternion.h
